model,MAE,RMSE,R2
LinearRegression,2356.7020514293595,4379.237219042721,0.6164988561339868
